Time(s),Position(V)
0.358000,-1.874986
3.373000,-1.871621
6.373000,-1.863605
9.373000,-1.862147
12.371000,-1.850772
15.372000,-1.854654
18.372000,-1.862378
21.372000,-1.862990
24.372000,-1.862894
27.372000,-1.859774
30.370000,-1.862544
33.371000,-1.871597
36.371000,-1.884284
39.371000,-1.927379
42.371000,-1.992703
45.369000,-2.090077
48.369000,-2.198126
51.369000,-2.292750
54.370000,-2.367922
57.370000,-2.421089
60.368000,-2.451334
63.368000,-2.449237
66.368000,-2.421637
69.368000,-2.362054
72.369000,-2.271483
75.369000,-2.135987
78.367000,-1.968033
81.367000,-1.808041
84.367000,-1.657553
87.367000,-1.491748
90.367000,-1.327272
93.366000,-1.189621
96.366000,-1.082014
99.366000,-0.997140
102.366000,-0.940124
105.366000,-0.909536
108.364000,-0.894106
111.365000,-0.889421
114.365000,-0.894062
117.365000,-0.902088
120.365000,-0.900276
123.363000,-0.883703
126.363000,-0.853119
129.363000,-0.800464
132.364000,-0.721430
135.364000,-0.612338
138.364000,-0.484046
141.362000,-0.335173
144.362000,-0.170000
147.362000,0.005466
150.363000,0.181756
153.363000,0.350090
156.361000,0.519462
159.361000,0.674185
162.361000,0.802824
165.361000,0.916641
168.361000,1.011452
171.360000,1.080577
174.360000,1.134455
177.360000,1.175738
180.360000,1.215668
183.360000,1.251692
186.360000,1.283888
189.359000,1.328809
192.359000,1.382105
195.358000,1.455367
198.358000,1.542985
201.358000,1.648083
204.358000,1.764657
207.358000,1.901645
210.359000,2.050409
213.357000,2.210935
216.357000,2.373895
219.357000,2.523781
222.357000,2.653633
225.357000,2.772169
228.356000,2.879045
231.356000,2.977741
234.356000,3.061402
237.356000,3.137193
240.356000,3.202823
243.354000,3.251432
246.354000,3.284189
249.355000,3.313792
252.355000,3.346199
255.355000,3.376393
258.353000,3.408912
261.353000,3.449896
264.353000,3.497291
267.354000,3.551832
270.354000,3.620630
273.354000,3.704179
276.352000,3.809572
279.352000,3.929893
282.352000,4.031788
285.352000,4.120460
288.353000,4.202557
291.351000,4.276672
294.351000,4.340028
297.351000,4.403978
300.351000,4.453879
303.351000,4.485606
306.350000,4.500054
309.350000,4.507927
312.350000,4.503120
315.350000,4.489206
318.350000,4.477539
321.350000,4.464224
324.348000,4.459743
327.349000,4.459702
330.349000,4.467511
333.349000,4.487925
336.349000,4.513574
339.347000,4.541439
342.347000,4.574312
345.348000,4.611492
348.348000,4.645157
351.348000,4.671890
354.346000,4.693657
357.346000,4.711932
360.347000,4.721165
363.346000,4.718884
366.346000,4.707346
369.346000,4.689071
372.346000,4.660332
375.346000,4.623318
378.344000,4.579193
381.344000,4.527681
384.345000,4.468198
387.345000,4.397173
390.345000,4.339195
393.343000,4.292439
396.343000,4.253515
399.344000,4.218232
402.343000,4.192607
405.343000,4.170768
408.343000,4.150936
411.343000,4.128687
414.343000,4.113046
417.341000,4.093560
420.341000,4.065763
423.342000,4.034420
426.342000,3.998790
429.342000,3.951864
432.342000,3.890697
435.340000,3.814117
438.340000,3.740298
441.341000,3.664449
444.341000,3.591691
447.341000,3.518963
450.339000,3.443831
453.339000,3.371035
456.339000,3.291947
459.339000,3.206202
462.340000,3.124258
465.338000,3.048260
468.338000,2.977571
471.338000,2.914266
474.338000,2.860052
477.338000,2.808101
480.339000,2.755301
483.337000,2.705220
486.337000,2.655629
489.337000,2.600442
492.337000,2.542240
495.337000,2.479768
498.335000,2.410983
501.336000,2.337052
504.336000,2.253200
507.336000,2.162074
510.336000,2.073899
513.334000,1.982080
516.334000,1.885868
519.336000,1.795633
522.334000,1.711265
525.334000,1.630898
528.334000,1.549026
531.334000,1.479221
534.334000,1.413183
537.332000,1.350817
540.333000,1.284514
543.333000,1.229276
546.333000,1.172559
549.333000,1.121673
552.333000,1.069923
555.331000,1.014175
558.332000,0.957948
561.332000,0.894803
564.332000,0.832916
567.332000,0.771287
570.330000,0.707326
573.330000,0.637328
576.330000,0.565942
579.331000,0.500965
582.331000,0.433452
585.329000,0.369335
588.329000,0.303728
591.329000,0.243058
594.329000,0.190108
597.330000,0.138668
600.329000,0.097299
603.329000,0.049384
606.329000,0.011375
609.327000,-0.019921
612.327000,-0.048371
615.327000,-0.082267
618.328000,-0.115044
621.328000,-0.142937
624.326000,-0.159200
627.326000,-0.201177
630.326000,-0.231228
633.326000,-0.253719
636.327000,-0.292218
639.327000,-0.324098
642.325000,-0.352820
645.325000,-0.390384
648.325000,-0.418803
651.325000,-0.444000
654.325000,-0.466559
657.324000,-0.490845
660.324000,-0.515804
663.324000,-0.515974
666.324000,-0.535646
669.324000,-0.540419
672.322000,-0.533576
675.323000,-0.536024
678.323000,-0.523510
681.323000,-0.523762
684.323000,-0.505228
687.323000,-0.496535
690.321000,-0.483019
693.321000,-0.472566
696.322000,-0.472464
699.322000,-0.463737
702.322000,-0.468099
705.321000,-0.445309
708.321000,-0.431616
711.321000,-0.422665
714.320000,-0.428978
717.320000,-0.399807
720.320000,-0.384537
723.320000,-0.368495
726.320000,-0.346742
729.318000,-0.320967
732.318000,-0.294733
735.319000,-0.261592
738.319000,-0.226132
741.319000,-0.193222
744.317000,-0.154431
747.317000,-0.113708
750.317000,-0.076889
753.318000,-0.031880
756.318000,0.009556
759.316000,0.052950
762.316000,0.092149
765.316000,0.134262
768.316000,0.173621
771.317000,0.213762
774.317000,0.256629
777.315000,0.299091
780.315000,0.341228
783.315000,0.373190
786.315000,0.421292
789.315000,0.463262
792.314000,0.514216
795.314000,0.563991
798.314000,0.615014
801.314000,0.664622
804.314000,0.722086
807.312000,0.779272
810.313000,0.835156
813.313000,0.891278
816.313000,0.954236
819.313000,1.012407
822.313000,1.068879
825.311000,1.123933
828.311000,1.178753
831.312000,1.236768
834.312000,1.286706
837.312000,1.340214
840.312000,1.394870
843.310000,1.447426
846.310000,1.497031
849.311000,1.547455
852.311000,1.601038
855.309000,1.652924
858.309000,1.704238
861.309000,1.760088
864.309000,1.812736
867.309000,1.869969
870.308000,1.924615
873.308000,1.981461
876.308000,2.040126
879.308000,2.097046
882.308000,2.154252
885.308000,2.211989
888.307000,2.269069
891.307000,2.321968
894.307000,2.358774
897.307000,2.408988
900.307000,2.450658
903.305000,2.489687
906.305000,2.527870
909.306000,2.569734
912.306000,2.605986
915.306000,2.637764
918.304000,2.671035
921.304000,2.707664
924.304000,2.740850
927.305000,2.774929
930.305000,2.807727
933.305000,2.840376
936.303000,2.879160
939.303000,2.908698
942.303000,2.944182
945.303000,2.975511
948.304000,3.006722
951.303000,3.029763
954.303000,3.064526
957.303000,3.099058
960.301000,3.127358
963.301000,3.149937
966.302000,3.173649
969.302000,3.198648
972.302000,3.214901
975.300000,3.233619
978.300000,3.245812
981.300000,3.260930
984.300000,3.272702
987.301000,3.281537
990.299000,3.289567
993.299000,3.296617
996.299000,3.308356
999.299000,3.309688
1002.299000,3.316504
1005.299000,3.319346
1008.299000,3.316287
1011.299000,3.318316
1014.297000,3.320002
1017.297000,3.315219
1020.297000,3.319486
1023.297000,3.307696
1026.298000,3.301941
1029.296000,3.286888
1032.296000,3.277237
1035.296000,3.263231
1038.296000,3.243508
1041.296000,3.224076
1044.297000,3.200165
1047.295000,3.178330
1050.295000,3.156111
1053.295000,3.129333
1056.295000,3.108685
1059.295000,3.084804
1062.293000,3.054511
1065.294000,3.037069
1068.294000,3.003485
1071.294000,2.978989
1074.294000,2.954298
1077.294000,2.929921
1080.292000,2.900839
1083.294000,2.872592
1086.292000,2.847345
1089.292000,2.816709
1092.292000,2.787881
1095.292000,2.758629
1098.292000,2.734149
1101.291000,2.698809
1104.291000,2.663835
1107.291000,2.633029
1110.291000,2.600166
1113.291000,2.566943
1116.291000,2.531341
1119.289000,2.494831
1122.290000,2.465803
1125.290000,2.427035
1128.290000,2.387867
1131.290000,2.348069
1134.288000,2.309275
1137.288000,2.268172
1140.289000,2.226552
1143.289000,2.184885
1146.289000,2.146114
1149.287000,2.104804
1152.287000,2.062929
1155.287000,2.018403
1158.287000,1.975709
1161.288000,1.930490
1164.288000,1.887476
1167.286000,1.842236
1170.286000,1.802296
1173.286000,1.757800
1176.286000,1.716956
1179.287000,1.672943
1182.285000,1.629260
1185.285000,1.587763
1188.285000,1.547085
1191.285000,1.504901
1194.285000,1.468486
1197.284000,1.424731
1200.285000,1.386878
1203.285000,1.351775
1206.283000,1.312811
1209.283000,1.271705
1212.283000,1.235031
1215.283000,1.199911
1218.284000,1.163670
1221.282000,1.129226
1224.282000,1.094086
1227.282000,1.061754
1230.282000,1.024044
1233.282000,0.991487
1236.280000,0.957829
1239.281000,0.925578
1242.281000,0.892287
1245.281000,0.858014
1248.281000,0.827891
1251.281000,0.798707
1254.279000,0.767738
1257.280000,0.740257
1260.280000,0.712201
1263.280000,0.682588
1266.280000,0.663541
1269.278000,0.635410
1272.278000,0.608303
1275.278000,0.585996
1278.279000,0.565810
1281.279000,0.546854
1284.277000,0.525295
1287.277000,0.505412
1290.277000,0.487442
1293.277000,0.471720
1296.278000,0.457105
1299.278000,0.434764
1302.276000,0.426908
1305.276000,0.417760
1308.276000,0.396398
1311.276000,0.387661
1314.276000,0.376120
1317.275000,0.363018
1320.275000,0.354098
1323.275000,0.356855
1326.275000,0.364225
1329.275000,0.345504
1332.273000,0.339001
1335.274000,0.328255
1338.274000,0.341156
1341.274000,0.342588
1344.273000,0.331798
1347.273000,0.352405
1350.273000,0.355648
1353.273000,0.339970
1356.272000,0.359507
1359.272000,0.367737
1362.272000,0.366635
1365.272000,0.379679
1368.272000,0.385931
1371.270000,0.397978
1374.271000,0.400892
1377.271000,0.418878
1380.271000,0.429899
1383.271000,0.442654
1386.271000,0.457292
1389.269000,0.470101
1392.269000,0.484716
1395.270000,0.499704
1398.270000,0.515423
1401.270000,0.535956
1404.268000,0.552049
1407.268000,0.575576
1410.268000,0.592727
1413.269000,0.616513
1416.269000,0.637749
1419.267000,0.660611
1422.267000,0.679382
1425.267000,0.705959
1428.267000,0.730442
1431.267000,0.755639
1434.268000,0.780044
1437.266000,0.804581
1440.266000,0.831879
1443.266000,0.858599
1446.266000,0.891655
1449.266000,0.914741
1452.265000,0.946407
1455.265000,0.975013
1458.265000,1.003419
1461.265000,1.020719
1464.265000,1.052541
1467.263000,1.082892
1470.264000,1.110764
1473.264000,1.143905
1476.264000,1.167188
1479.264000,1.201961
1482.264000,1.234919
1485.262000,1.266986
1488.262000,1.295426
1491.263000,1.327245
1494.263000,1.359723
1497.263000,1.390152
1500.261000,1.420377
1503.261000,1.453997
1506.261000,1.482583
1509.262000,1.514395
1512.262000,1.545232
1515.260000,1.576354
1518.260000,1.605066
1521.260000,1.636086
1524.260000,1.665576
1527.260000,1.694676
1530.261000,1.726274
1533.259000,1.757525
1536.259000,1.785710
1539.259000,1.814055
1542.258000,1.841679
1545.258000,1.875265
1548.259000,1.901869
1551.259000,1.930602
1554.259000,1.957250
1557.257000,1.984119
1560.257000,2.011380
1563.257000,2.039242
1566.257000,2.066502
1569.258000,2.094877
1572.256000,2.115264
1575.256000,2.143870
1578.256000,2.169635
1581.256000,2.190028
1584.256000,2.213430
1587.255000,2.234520
1590.255000,2.257875
1593.255000,2.277897
1596.255000,2.296938
1599.255000,2.315604
1602.253000,2.336151
1605.253000,2.351945
1608.254000,2.368823
1611.254000,2.385198
1614.254000,2.399738
1617.254000,2.414478
1620.252000,2.427324
1623.252000,2.438753
1626.253000,2.449207
1629.253000,2.459891
1632.253000,2.467666
1635.251000,2.462073
1638.251000,2.480203
1641.251000,2.475206
1644.251000,2.497499
1647.252000,2.496306
1650.250000,2.510223
1653.250000,2.498808
1656.250000,2.516795
1659.250000,2.509003
1662.250000,2.521132
1665.251000,2.513450
1668.249000,2.525032
1671.249000,2.511039
1674.249000,2.523325
1677.249000,2.508466
1680.249000,2.516006
1683.247000,2.511838
1686.248000,2.501120
1689.248000,2.497193
1692.248000,2.494956
1695.248000,2.482790
1698.246000,2.476317
1701.246000,2.464304
1704.247000,2.461145
1707.247000,2.445919
1710.247000,2.437798
1713.245000,2.426597
1716.245000,2.408957
1719.245000,2.396331
1722.245000,2.389288
1725.246000,2.374554
1728.246000,2.364540
1731.244000,2.342389
1734.244000,2.330589
1737.244000,2.314612
1740.244000,2.298311
1743.245000,2.281929
1746.243000,2.267036
1749.243000,2.242407
1752.243000,2.227786
1755.243000,2.205812
1758.243000,2.185629
1761.241000,2.169431
1764.242000,2.146451
1767.242000,2.124905
1770.242000,2.099433
1773.242000,2.081150
1776.242000,2.057592
1779.240000,2.031467
1782.241000,2.011553
1785.241000,1.983161
1788.241000,1.963420
1791.241000,1.936843
1794.239000,1.910463
1797.239000,1.888057
1800.239000,1.862473
1803.240000,1.839931
1806.240000,1.816121
1809.240000,1.789283
1812.238000,1.768777
1815.238000,1.742006
1818.238000,1.717493
1821.239000,1.688441
1824.239000,1.664927
1827.237000,1.642776
1830.237000,1.615767
1833.237000,1.591366
1836.237000,1.564738
1839.237000,1.537978
1842.236000,1.515273
1845.236000,1.491228
1848.236000,1.466817
1851.236000,1.442222
1854.236000,1.419163
1857.234000,1.396172
1860.235000,1.370510
1863.235000,1.347431
1866.235000,1.322482
1869.235000,1.301548
1872.235000,1.277093
1875.233000,1.253667
1878.234000,1.241602
1881.234000,1.210681
1884.234000,1.190117
1887.234000,1.169017
1890.232000,1.150616
1893.232000,1.127822
1896.232000,1.105311
1899.233000,1.089245
1902.233000,1.071905
1905.231000,1.049597
1908.231000,1.032644
1911.231000,1.014630
1914.231000,0.995818
1917.232000,0.985079
1920.232000,0.963951
1923.230000,0.950921
1926.230000,0.930575
1929.230000,0.913395
1932.230000,0.899960
1935.230000,0.892100
1938.229000,0.871738
1941.229000,0.861927
1944.229000,0.843678
1947.229000,0.832623
1950.228000,0.825960
1953.228000,0.817462
1956.229000,0.799356
1959.229000,0.794689
1962.227000,0.783154
1965.227000,0.779996
1968.227000,0.771474
1971.227000,0.785129
1974.227000,0.754534
1977.226000,0.750241
1980.226000,0.747824
1983.226000,0.737806
1986.226000,0.732040
1989.226000,0.750496
1992.224000,0.750863
1995.226000,0.733271
1998.226000,0.719904
2001.224000,0.723813
2004.225000,0.744224
2007.225000,0.729042
2010.223000,0.720009
2013.223000,0.739162
2016.224000,0.746461
2019.224000,0.729089
2022.224000,0.746127
2025.222000,0.755445
2028.222000,0.748844
2031.222000,0.747586
2034.223000,0.768958
2037.223000,0.758773
2040.221000,0.777134
2043.221000,0.789005
2046.221000,0.794067
2049.221000,0.806274
2052.221000,0.812502
2055.220000,0.821823
2058.220000,0.824186
2061.220000,0.839609
2064.220000,0.848077
2067.220000,0.864017
2070.220000,0.876065
2073.219000,0.889982
2076.219000,0.897081
2079.219000,0.915954
2082.219000,0.930613
2085.219000,0.944251
2088.217000,0.961283
2091.217000,0.970505
2094.218000,0.961762
2097.218000,0.987445
2100.218000,1.011149
2103.216000,1.026763
2106.216000,1.038937
2109.216000,1.053660
2112.217000,1.078663
2115.217000,1.089215
2118.217000,1.106137
2121.215000,1.127999
2124.215000,1.144157
2127.215000,1.160046
2130.215000,1.177234
2133.216000,1.197464
2136.214000,1.215977
2139.214000,1.235432
2142.214000,1.251716
2145.214000,1.270338
2148.214000,1.287815
2151.213000,1.311138
2154.213000,1.325749
2157.213000,1.346078
2160.213000,1.364690
2163.213000,1.389462
2166.213000,1.407112
2169.211000,1.424718
2172.212000,1.445584
2175.212000,1.464957
2178.212000,1.481560
2181.212000,1.501610
2184.210000,1.519821
2187.210000,1.538103
2190.211000,1.559282
2193.210000,1.576918
2196.210000,1.594667
2199.210000,1.609720
2202.210000,1.630524
2205.210000,1.650765
2208.208000,1.666198
2211.209000,1.685195
2214.209000,1.700142
2217.209000,1.719791
2220.209000,1.736693
2223.207000,1.752959
2226.207000,1.771351
2229.208000,1.770365
2232.208000,1.790075
2235.208000,1.812946
2238.206000,1.832306
2241.206000,1.843460
2244.206000,1.861185
2247.207000,1.881615
2250.207000,1.893276
2253.207000,1.905979
2256.205000,1.919472
2259.205000,1.933838
2262.205000,1.944699
2265.205000,1.952277
2268.206000,1.971072
2271.204000,1.976681
2274.204000,1.988131
2277.204000,1.997095
2280.204000,2.011193
2283.204000,2.017516
2286.203000,2.030393
2289.203000,2.040204
2292.203000,2.049070
2295.203000,2.055780
2298.203000,2.060332
2301.203000,2.062480
2304.201000,2.061063
2307.202000,2.074205
2310.202000,2.080661
2313.202000,2.088564
2316.202000,2.092651
2319.200000,2.096509
2322.200000,2.093929
2325.201000,2.072346
2328.201000,2.093660
2331.201000,2.111596
2334.199000,2.112524
2337.199000,2.107377
2340.199000,2.102455
2343.199000,2.094979
2346.199000,2.076024
2349.199000,2.081640
2352.199000,2.083401
2355.199000,2.076432
2358.197000,2.064241
2361.197000,2.063993
2364.198000,2.061746
2367.198000,2.058442
2370.198000,2.059978
2373.198000,2.046741
2376.196000,2.040911
2379.196000,2.051007
2382.196000,2.038317
2385.197000,2.019443
2388.197000,2.017380
2391.195000,2.004360
2394.195000,1.995035
2397.195000,1.992292
2400.195000,1.982450
2403.196000,1.968856
2406.194000,1.959671
2409.194000,1.945797
2412.194000,1.938407
2415.194000,1.931050
2418.193000,1.917555
2421.193000,1.905629
2424.194000,1.897777
2427.194000,1.887194
2430.192000,1.874082
2433.192000,1.865590
2436.192000,1.846312
2439.192000,1.831606
2442.193000,1.818151
2445.191000,1.808384
2448.191000,1.792856
2451.191000,1.784320
2454.191000,1.768896
2457.191000,1.751488
2460.191000,1.738060
2463.190000,1.729394
2466.190000,1.709501
2469.190000,1.693632
2472.190000,1.691035
2475.190000,1.662969
2478.188000,1.654069
2481.189000,1.637905
2484.189000,1.622294
2487.189000,1.612871
2490.189000,1.589972
2493.187000,1.578336
2496.187000,1.563076
2499.187000,1.550345
2502.188000,1.537906
2505.188000,1.527650
2508.188000,1.506855
2511.186000,1.494012
2514.186000,1.478813
2517.186000,1.464712
2520.187000,1.452236
2523.187000,1.444829
2526.185000,1.423565
2529.185000,1.410018
2532.185000,1.398188
2535.185000,1.386919
2538.185000,1.369527
2541.184000,1.359686
2544.184000,1.344303
2547.185000,1.332633
2550.183000,1.318719
2553.183000,1.308704
2556.183000,1.293393
2559.184000,1.281784
2562.184000,1.275981
2565.182000,1.270821
2568.182000,1.243567
2571.182000,1.252056
2574.182000,1.233379
2577.182000,1.216841
2580.182000,1.208726
2583.182000,1.203464
2586.182000,1.185627
2589.180000,1.189846
2592.180000,1.170696
2595.180000,1.166331
2598.181000,1.156317
2601.181000,1.151054
2604.179000,1.148862
2607.179000,1.137004
2610.179000,1.137953
2613.179000,1.131416
2616.180000,1.119188
2619.180000,1.117556
2622.178000,1.102116
2625.178000,1.102082
2628.178000,1.101375
2631.178000,1.109880
2634.178000,1.087012
2637.177000,1.083313
2640.177000,1.100508
2643.177000,1.109598
2646.177000,1.078418
2649.177000,1.077558
2652.175000,1.072982
2655.176000,1.084462
2658.176000,1.091176
2661.176000,1.081345
2664.176000,1.069477
2667.174000,1.077442
2670.175000,1.086070
2673.175000,1.088511
2676.174000,1.074866
2679.174000,1.075233
2682.174000,1.095038
2685.174000,1.099620
2688.174000,1.109972
2691.172000,1.105661
2694.173000,1.114435
2697.173000,1.115095
2700.173000,1.116842
2703.173000,1.124137
2706.173000,1.123916
2709.171000,1.130539
2712.171000,1.138898
2715.172000,1.145751
2718.171000,1.154025
2721.172000,1.155810
2724.170000,1.156238
2727.170000,1.166134
2730.170000,1.170921
2733.171000,1.179773
2736.171000,1.186636
2739.169000,1.191603
2742.169000,1.206578
2745.169000,1.209732
2748.169000,1.221291
2751.169000,1.232240
2754.170000,1.240715
2757.168000,1.244794
2760.168000,1.251311
2763.168000,1.249221
2766.168000,1.277745
2769.168000,1.287332
2772.167000,1.295433
2775.167000,1.300413
2778.167000,1.319379
2781.167000,1.329771
2784.167000,1.332766
2787.165000,1.351905
2790.165000,1.366427
2793.166000,1.374028
2796.166000,1.373042
2799.166000,1.400225
2802.164000,1.410392
2805.164000,1.419598
2808.164000,1.431401
2811.165000,1.444761
2814.165000,1.448555
2817.165000,1.461445
2820.163000,1.477756
2823.163000,1.488141
2826.163000,1.499135
2829.163000,1.509425
2832.164000,1.521725
2835.162000,1.528391
2838.162000,1.547479
2841.162000,1.556066
2844.162000,1.567216
2847.162000,1.577605
2850.163000,1.588990
2853.161000,1.600500
2856.161000,1.599290
2859.161000,1.625612
2862.161000,1.630562
2865.161000,1.635831
2868.159000,1.657190
2871.160000,1.662078
2874.161000,1.675333
2877.159000,1.679929
2880.159000,1.689498
2883.159000,1.707835
2886.159000,1.715603
2889.159000,1.727994
2892.159000,1.735044
2895.159000,1.744906
2898.159000,1.751399
2901.157000,1.760428
2904.157000,1.762634
2907.157000,1.777521
2910.158000,1.780852
2913.158000,1.793413
2916.156000,1.798781
2919.156000,1.807293
2922.155000,1.812137
2925.155000,1.820225
2928.156000,1.823420
2931.156000,1.831269
2934.156000,1.835002
2937.156000,1.832602
2940.154000,1.854032
2943.154000,1.838357
2946.154000,1.838813
2949.155000,1.862674
2952.155000,1.869976
2955.153000,1.873855
2958.153000,1.875850
2961.153000,1.860852
2964.153000,1.876608
2967.154000,1.890087
2970.152000,1.890223
2973.152000,1.888792
2976.152000,1.863102
2979.152000,1.890056
2982.152000,1.878906
2985.153000,1.861790
2988.151000,1.866355
2991.151000,1.878604
2994.151000,1.889088
2997.151000,1.895958
3000.151000,1.868313
3003.149000,1.887282
3006.150000,1.896655
3009.150000,1.889325
3012.150000,1.871699
3015.150000,1.857133
3018.148000,1.868929
3021.148000,1.886055
3024.149000,1.882102
3027.149000,1.859162
3030.149000,1.844548
3033.147000,1.850177
3036.147000,1.838340
3039.147000,1.828502
3042.147000,1.821408
3045.148000,1.824069
3048.148000,1.816417
3051.146000,1.816410
3054.146000,1.808126
3057.146000,1.797860
3060.146000,1.796112
3063.147000,1.788297
3066.145000,1.809686
3069.146000,1.798910
3072.146000,1.772938
3075.144000,1.759690
3078.144000,1.754068
3081.144000,1.744784
3084.145000,1.742227
3087.145000,1.734585
3090.143000,1.736625
3093.143000,1.718710
3096.143000,1.707291
3099.143000,1.695250
3102.144000,1.694717
3105.142000,1.687489
3108.142000,1.675612
3111.142000,1.666338
3114.142000,1.657016
3117.142000,1.650245
3120.142000,1.637551
3123.141000,1.640781
3126.141000,1.616811
3129.141000,1.621897
3132.141000,1.616787
3135.141000,1.595432
3138.139000,1.584917
3141.140000,1.590975
3144.140000,1.569786
3147.140000,1.568076
3150.140000,1.550579
3153.138000,1.540860
3156.138000,1.531794
3159.138000,1.525967
3162.139000,1.516027
3165.139000,1.508198
3168.137000,1.500261
3171.137000,1.489029
3174.137000,1.482981
3177.137000,1.477005
3180.138000,1.472925
3183.138000,1.454813
3186.136000,1.454334
3189.137000,1.445917
3192.135000,1.430374
3195.135000,1.421845
3198.135000,1.428114
3201.136000,1.437721
3204.136000,1.409267
3207.136000,1.402546
3210.134000,1.395941
3213.134000,1.397865
3216.134000,1.372505
3219.135000,1.361610
3222.135000,1.373410
3225.133000,1.366495
3228.133000,1.342590
3231.133000,1.344320
3234.133000,1.364445
3237.133000,1.345643
3240.132000,1.325511
3243.132000,1.323781
3246.132000,1.332235
3249.132000,1.314711
3252.132000,1.314480
3255.132000,1.319209
3258.131000,1.295868
3261.131000,1.301246
3264.131000,1.283817
3267.130000,1.281471
3270.130000,1.287709
3273.130000,1.274149
3276.130000,1.268682
3279.131000,1.276515
3282.129000,1.281424
3285.129000,1.267737
3288.129000,1.276970
3291.129000,1.271082
3294.129000,1.252076
3297.128000,1.249883
3300.128000,1.245026
3303.128000,1.275668
3306.128000,1.272058
3309.128000,1.247803
3312.126000,1.266786
3315.126000,1.276607
3318.127000,1.251087
3321.127000,1.265300
3324.127000,1.273666
3327.127000,1.252100
3330.125000,1.250924
3333.125000,1.270114
3336.126000,1.281209
3339.126000,1.252923
3342.126000,1.273370
3345.124000,1.271035
3348.124000,1.254286
3351.124000,1.268992
3354.125000,1.288158
3357.125000,1.285003
3360.123000,1.290266
3363.123000,1.276226
3366.123000,1.279500
3369.123000,1.298112
3372.123000,1.299923
3375.124000,1.288858
3378.122000,1.299118
3381.122000,1.312994
3384.122000,1.295739
3387.122000,1.313698
3390.122000,1.324355
3393.121000,1.322656
3396.121000,1.324818
3399.121000,1.321462
3402.121000,1.339007
3405.121000,1.333877
3408.119000,1.348651
3411.119000,1.343549
3414.120000,1.326405
3417.120000,1.358367
3420.120000,1.356960
3423.118000,1.364428
3426.118000,1.369735
3429.118000,1.373756
3432.119000,1.370371
3435.119000,1.389275
3438.119000,1.396390
3441.117000,1.402523
3444.117000,1.384869
3447.116000,1.397457
3450.116000,1.406915
3453.117000,1.414954
3456.117000,1.410052
3459.117000,1.424153
3462.117000,1.430150
3465.115000,1.438632
3468.115000,1.443173
3471.116000,1.444210
3474.116000,1.454052
3477.116000,1.450227
3480.114000,1.464097
3483.114000,1.466834
3486.114000,1.459634
3489.114000,1.478715
3492.115000,1.482131
3495.113000,1.484902
3498.113000,1.491187
3501.113000,1.498177
3504.113000,1.503425
3507.113000,1.502015
3510.112000,1.510177
3513.112000,1.510374
3516.112000,1.521823
3519.112000,1.517611
3522.112000,1.522609
3525.112000,1.531994
3528.110000,1.536074
3531.111000,1.538783
3534.111000,1.544804
3537.111000,1.554353
3540.111000,1.556185
3543.109000,1.563531
3546.109000,1.557161
3549.110000,1.562127
3552.110000,1.569045
3555.110000,1.577867
3558.108000,1.581851
3561.108000,1.582932
3564.108000,1.564789
3567.108000,1.563841
3570.109000,1.577758
3573.109000,1.599263
3576.107000,1.590027
3579.107000,1.598318
3582.107000,1.608873
3585.107000,1.609016
3588.108000,1.604913
3591.106000,1.613823
3594.106000,1.605722
3597.106000,1.610947
3600.106000,1.622658
3603.105000,1.621071
3606.105000,1.620520
3609.106000,1.616940
3612.106000,1.624140
3615.104000,1.590163
3618.104000,1.618184
3621.104000,1.625524
3624.104000,1.593936
3627.105000,1.599423
3630.103000,1.611440
3633.103000,1.625177
3636.103000,1.635073
3639.103000,1.626187
3642.103000,1.620853
3645.101000,1.615050
3648.102000,1.615359
3651.102000,1.615390
3654.102000,1.614802
3657.102000,1.610988
3660.102000,1.599096
3663.100000,1.606647
3666.101000,1.614731
3669.101000,1.610590
3672.101000,1.603597
3675.101000,1.592943
3678.099000,1.621006
3681.099000,1.606898
3684.099000,1.585740
3687.100000,1.588035
3690.100000,1.576976
3693.098000,1.583880
3696.098000,1.574940
3699.098000,1.590496
3702.098000,1.584700
3705.099000,1.570045
3708.099000,1.579937
3711.098000,1.567080
3714.098000,1.562379
3717.096000,1.565296
3720.096000,1.567057
3723.097000,1.555685
3726.097000,1.563766
3729.097000,1.563508
3732.097000,1.543736
3735.095000,1.540578
3738.095000,1.533307
3741.095000,1.542125
3744.096000,1.526892
3747.096000,1.523163
3750.094000,1.551912
3753.094000,1.527772
3756.094000,1.520290
3759.094000,1.528823
3762.095000,1.506920
3765.093000,1.498302
3768.093000,1.526521
3771.093000,1.512760
3774.093000,1.500342
3777.093000,1.519532
3780.093000,1.494879
3783.092000,1.471889
3786.092000,1.485249
3789.092000,1.492986
3792.092000,1.465158
3795.092000,1.466789
3798.090000,1.456061
3801.091000,1.460558
3804.091000,1.446855
3807.091000,1.455721
3810.091000,1.464522
3813.089000,1.449864
3816.089000,1.424843
3819.089000,1.435474
3822.090000,1.422124
3825.090000,1.421430
3828.090000,1.411596
3831.088000,1.411416
3834.088000,1.442626
3837.088000,1.428250
3840.089000,1.402982
3843.089000,1.420210
3846.087000,1.424935
3849.087000,1.400140
3852.087000,1.396305
3855.087000,1.418765
3858.087000,1.386766
3861.086000,1.399524
3864.086000,1.402234
3867.086000,1.371734
3870.086000,1.372478
3873.086000,1.376993
3876.084000,1.365091
3879.085000,1.370235
3882.085000,1.392586
3885.085000,1.362385
3888.085000,1.347268
3891.085000,1.348203
3894.083000,1.347696
3897.083000,1.350524
3900.084000,1.359887
3903.084000,1.359302
3906.084000,1.341995
3909.082000,1.329268
3912.082000,1.329434
3915.082000,1.339772
3918.083000,1.339592
3921.083000,1.324794
3924.081000,1.333565
3927.081000,1.358483
3930.081000,1.330417
3933.081000,1.318253
3936.081000,1.317441
3939.082000,1.324927
3942.080000,1.348733
3945.080000,1.354424
3948.080000,1.339616
3951.080000,1.317641
3954.080000,1.307477
3957.079000,1.309156
3960.080000,1.345684
3963.080000,1.334095
3966.078000,1.312597
3969.078000,1.310469
3972.078000,1.326857
3975.078000,1.346503
3978.079000,1.341805
3981.077000,1.337049
3984.077000,1.336274
3987.077000,1.330083
3990.077000,1.332953
3993.077000,1.342617
3996.076000,1.346911
3999.076000,1.340139
4002.076000,1.339136
4005.076000,1.339177
4008.076000,1.349443
4011.074000,1.354141
4014.074000,1.356446
4017.075000,1.359951
4020.075000,1.337810
4023.075000,1.330593
4026.075000,1.346816
4029.073000,1.367743
4032.073000,1.370126
4035.074000,1.367620
4038.074000,1.365387
4041.074000,1.364564
4044.072000,1.344980
4047.072000,1.375150
4050.072000,1.379532
4053.072000,1.383159
4056.073000,1.376092
4059.071000,1.378842
4062.071000,1.394418
4065.071000,1.400520
4068.071000,1.400044
4071.071000,1.397726
4074.072000,1.366940
4077.070000,1.376411
4080.070000,1.403556
4083.070000,1.412463
4086.070000,1.407414
4089.070000,1.401992
4092.068000,1.416875
4095.069000,1.420611
4098.069000,1.411667
4101.069000,1.426547
4104.069000,1.430463
4107.067000,1.435181
4110.067000,1.434811
4113.068000,1.443207
4116.068000,1.437381
4119.068000,1.448307
4122.066000,1.457162
4125.066000,1.458206
4128.066000,1.448959
4131.067000,1.464213
4134.067000,1.471161
4137.067000,1.471987
4140.065000,1.482101
4143.065000,1.472212
4146.065000,1.481910
4149.065000,1.490694
4152.066000,1.485021
4155.064000,1.500461
4158.064000,1.498931
4161.064000,1.492258
4164.064000,1.504133
4167.064000,1.512441
4170.065000,1.506849
4173.063000,1.519491
4176.063000,1.522075
4179.063000,1.523516
4182.063000,1.514491
4185.063000,1.518349
4188.061000,1.529394
4191.062000,1.532331
4194.062000,1.535098
4197.062000,1.543209
4200.062000,1.545337
4203.060000,1.544161
4206.060000,1.525553
4209.061000,1.522972
4212.061000,1.528058
4215.061000,1.557926
4218.061000,1.556919
4221.059000,1.563966
4224.059000,1.565353
4227.059000,1.573118
4230.060000,1.572536
4233.060000,1.573176
4236.058000,1.575518
4239.059000,1.580331
4242.057000,1.583843
4245.057000,1.566917
4248.058000,1.551705
4251.058000,1.573471
4254.058000,1.593083
4257.058000,1.592335
4260.056000,1.597465
4263.056000,1.585335
4266.056000,1.565918
4269.057000,1.596989
4272.057000,1.604406
4275.055000,1.607276
4278.055000,1.609903
4281.055000,1.604641
4284.055000,1.612592
4287.056000,1.610848
4290.054000,1.611824
4293.054000,1.613701
4296.054000,1.600973
4299.054000,1.574814
4302.054000,1.601296
4305.054000,1.612256
4308.053000,1.598787
4311.053000,1.589813
4314.053000,1.577591
4317.053000,1.593076
4320.052000,1.613891
4323.052000,1.603223
4326.053000,1.592654
4329.053000,1.581290
4332.051000,1.586056
4335.051000,1.594364
4338.051000,1.597981
4341.051000,1.609927
4344.050000,1.614816
4347.051000,1.614697
4350.051000,1.603019
4353.049000,1.578948
4356.049000,1.588823
4359.049000,1.613027
4362.048000,1.587467
4365.049000,1.578033
4368.049000,1.601840
4371.049000,1.607616
4374.049000,1.571082
4377.047000,1.564153
4380.047000,1.563079
4383.047000,1.560768
4386.048000,1.589122
4389.048000,1.594072
4392.048000,1.580450
4395.046000,1.551531
4398.046000,1.544634
4401.046000,1.573648
4404.047000,1.569147
4407.047000,1.541146
4410.045000,1.540612
4413.045000,1.552622
4416.045000,1.547098
4419.045000,1.533395
4422.045000,1.547275
4425.044000,1.542054
4428.044000,1.524002
4431.044000,1.517241
4434.044000,1.516190
4437.044000,1.517299
4440.044000,1.505812
4443.043000,1.516112
4446.043000,1.507335
4449.043000,1.501280
4452.043000,1.501556
4455.043000,1.498442
4458.041000,1.525709
4461.041000,1.491687
4464.042000,1.501923
4467.042000,1.511632
4470.042000,1.497704
4473.040000,1.475043
4476.040000,1.471889
4479.040000,1.470430
4482.041000,1.464641
4485.041000,1.490847
4488.039000,1.499132
4491.039000,1.478232
4494.039000,1.451040
4497.038000,1.464743
4500.039000,1.471212
4503.039000,1.456271
4506.039000,1.439716
4509.039000,1.447334
4512.037000,1.439288
4515.037000,1.434726
4518.037000,1.448215
4521.038000,1.446423
4524.038000,1.428896
4527.038000,1.418143
4530.036000,1.448640
4533.036000,1.435994
4536.036000,1.412017
4539.037000,1.428902
4542.037000,1.438683
4545.035000,1.410814
4548.035000,1.406711
4551.035000,1.433502
4554.035000,1.406429
4557.035000,1.410600
4560.034000,1.427655
4563.034000,1.418554
4566.034000,1.392100
4569.034000,1.397277
4572.034000,1.417902
4575.034000,1.412697
4578.033000,1.383853
4581.033000,1.407771
4584.033000,1.378386
4587.033000,1.385434
4590.033000,1.388670
4593.031000,1.383224
4596.031000,1.370027
4599.032000,1.392671
4602.032000,1.407493
4605.032000,1.391828
4608.030000,1.364989
4611.030000,1.365693
4614.030000,1.367756
4617.031000,1.359703
4620.031000,1.359499
4623.029000,1.364241
4626.029000,1.362157
4629.029000,1.359387
4632.029000,1.359839
4635.029000,1.360475
4638.030000,1.359564
4641.028000,1.356932
4644.028000,1.359428
4647.028000,1.366053
4650.028000,1.375752
4653.028000,1.397682
4656.027000,1.400925
4659.028000,1.394962
4662.028000,1.381429
4665.026000,1.371156
4668.026000,1.380470
4671.026000,1.389367
4674.026000,1.399409
4677.027000,1.364588
4680.025000,1.381177
4683.025000,1.401554
4686.025000,1.396822
4689.025000,1.406571
4692.025000,1.390502
4695.026000,1.380664
4698.024000,1.408614
4701.024000,1.412038
4704.024000,1.388143
4707.024000,1.399905
4710.024000,1.420744
4713.022000,1.412718
4716.023000,1.413822
4719.023000,1.422712
4722.023000,1.415339
4725.023000,1.410709
4728.021000,1.422981
4731.021000,1.436249
4734.022000,1.428960
4737.022000,1.437381
4740.022000,1.441378
4743.020000,1.446869
4746.020000,1.442575
4749.020000,1.445550
4752.020000,1.446777
4755.021000,1.452240
4758.021000,1.446831
4761.019000,1.441005
4764.019000,1.447623
4767.019000,1.470627
4770.019000,1.464209
4773.020000,1.442517
4776.018000,1.459817
4779.018000,1.479017
4782.018000,1.475091
4785.018000,1.485313
4788.018000,1.489263
4791.016000,1.486574
4794.017000,1.472334
4797.017000,1.482651
4800.017000,1.501529
4803.017000,1.492411
4806.017000,1.501046
4809.015000,1.494277
4812.016000,1.488502
4815.016000,1.509898
4818.016000,1.516309
4821.016000,1.513950
4824.014000,1.518879
4827.014000,1.518261
4830.014000,1.507195
4833.015000,1.519736
4836.015000,1.535183
4839.013000,1.515616
4842.013000,1.506233
4845.013000,1.540150
4848.013000,1.543706
4851.014000,1.545110
4854.012000,1.532022
4857.012000,1.531872
4860.012000,1.552357
4863.012000,1.534429
4866.012000,1.522908
4869.013000,1.527249
4872.011000,1.557681
4875.011000,1.562358
4878.011000,1.560982
4881.011000,1.564470
4884.011000,1.565802
4887.009000,1.563756
4890.010000,1.570871
4893.010000,1.570279
4896.010000,1.569807
4899.010000,1.573298
4902.009000,1.547683
4905.009000,1.554873
4908.010000,1.580920
4911.008000,1.574821
4914.008000,1.548931
4917.008000,1.556678
4920.008000,1.576204
4923.008000,1.587871
4926.006000,1.581202
4929.007000,1.560339
4932.007000,1.553646
4935.007000,1.556008
4938.007000,1.563419
4941.007000,1.573312
4944.005000,1.580008
4947.006000,1.591295
4950.006000,1.593559
4953.005000,1.564561
4956.005000,1.561529
4959.005000,1.576997
4962.005000,1.598192
4965.003000,1.597451
4968.004000,1.571387
4971.004000,1.565024
4974.004000,1.591315
4977.004000,1.594228
4980.004000,1.590244
4983.002000,1.581307
4986.003000,1.562528
4989.003000,1.571153
4992.003000,1.591488
4995.003000,1.574892
4998.001000,1.559785
5001.001000,1.579420
5004.001000,1.590826
5007.002000,1.572516
5010.001000,1.557412
5013.001000,1.587028
5016.001000,1.561220
5019.001000,1.560863
5021.999000,1.575171
5025.000000,1.574967
5028.000000,1.549638
5031.000000,1.543505
5034.000000,1.560315
5036.998000,1.577778
5039.998000,1.569525
5042.998000,1.546680
5045.999000,1.549526
5048.999000,1.564674
5051.999000,1.573957
5054.997000,1.568328
5057.997000,1.548907
5060.997000,1.534116
5063.998000,1.545776
5066.998000,1.542992
5069.996000,1.527660
5072.996000,1.528816
5075.996000,1.540248
5078.996000,1.524781
5081.996000,1.530883
5084.995000,1.551144
5087.995000,1.518329
5090.995000,1.537206
5093.995000,1.542733
5096.995000,1.525522
5099.993000,1.504112
5102.994000,1.501532
5105.994000,1.525553
5108.994000,1.540106
5111.994000,1.529785
5114.994000,1.509582
5117.992000,1.501379
5120.992000,1.529275
5123.993000,1.518726
5126.993000,1.493754
5129.993000,1.486160
5132.991000,1.497038
5135.991000,1.488634
5138.991000,1.485269
5141.992000,1.492248
5144.992000,1.484303
5147.992000,1.475628
5150.990000,1.486550
5153.990000,1.497548
5156.990000,1.508229
5159.990000,1.483426
5162.991000,1.467187
5165.989000,1.467405
5168.989000,1.496521
5171.989000,1.484606
5174.989000,1.464457
5177.989000,1.462207
5180.988000,1.461775
5183.988000,1.462404
5186.988000,1.490324
5189.988000,1.476743
5192.988000,1.455272
5195.986000,1.468527
5198.986000,1.471861
5201.987000,1.470893
5204.987000,1.458532
5207.987000,1.447069
5210.987000,1.456006
5213.985000,1.467446
5216.985000,1.482546
5219.986000,1.473109
5222.986000,1.452620
5225.986000,1.449221
5228.984000,1.452257
5231.984000,1.462374
5234.984000,1.471042
5237.985000,1.477991
5240.985000,1.477328
5243.983000,1.458723
5246.983000,1.447151
5249.983000,1.463468
5252.983000,1.481495
5255.983000,1.472116
5258.984000,1.456625
5261.982000,1.440603
5264.982000,1.440240
5267.982000,1.450220
5270.982000,1.472749
5273.982000,1.464821
5276.981000,1.457349
5279.981000,1.455173
5282.981000,1.451594
5285.981000,1.444431
5288.981000,1.458597
5291.979000,1.475835
5294.979000,1.457533
5297.980000,1.444795
5300.980000,1.451281
5303.980000,1.459620
5306.980000,1.475536
5309.978000,1.471603
5312.978000,1.465355
5315.979000,1.463489
5318.979000,1.474476
5321.979000,1.482155
5324.977000,1.473452
5327.977000,1.462788
5330.976000,1.461789
5333.976000,1.461231
5336.977000,1.469648
5339.977000,1.481499
5342.977000,1.476165
5345.977000,1.451747
5348.975000,1.453229
5351.975000,1.470672
5354.976000,1.484038
5357.976000,1.482005
5360.976000,1.454793
5363.974000,1.470515
5366.974000,1.486064
5369.974000,1.488638
5372.974000,1.486139
5375.975000,1.482158
5378.973000,1.482529
5381.973000,1.492887
5384.973000,1.486775
5387.973000,1.464563
5390.973000,1.471637
5393.974000,1.493326
5396.972000,1.500526
5399.972000,1.485792
5402.972000,1.471222
5405.972000,1.492500
5408.972000,1.482906
5411.970000,1.474683
5414.971000,1.502783
5417.971000,1.502280
5420.971000,1.502202
5423.971000,1.505842
5426.969000,1.482471
5429.969000,1.478875
5432.970000,1.495335
5435.970000,1.507644
5438.970000,1.488356
5441.968000,1.478514
5444.968000,1.495865
5447.968000,1.509194
5450.968000,1.498489
5453.969000,1.494373
5456.969000,1.501882
5459.967000,1.515677
5462.967000,1.521024
5465.967000,1.516398
5468.967000,1.522309
5471.968000,1.523129
5474.966000,1.526093
5477.966000,1.506029
5480.966000,1.495426
5483.966000,1.499023
5486.966000,1.510252
5489.964000,1.528636
5492.965000,1.533786
5495.965000,1.513831
5498.965000,1.497973
5501.965000,1.529448
5504.965000,1.542924
5507.963000,1.521137
5510.964000,1.508916
5513.964000,1.533293
5516.964000,1.543740
5519.964000,1.512502
5522.962000,1.520562
5525.962000,1.548519
5528.962000,1.544369
5531.963000,1.532504
5534.963000,1.526243
5537.961000,1.535499
5540.961000,1.551429
5543.961000,1.541911
5546.961000,1.526243
5549.962000,1.517639
5552.962000,1.530757
5555.960000,1.553098
5558.960000,1.538355
5561.960000,1.522337
5564.960000,1.551473
5567.960000,1.553754
5570.959000,1.553384
5573.959000,1.557834
5576.959000,1.563545
5579.959000,1.554859
5582.959000,1.546038
5585.957000,1.530376
5588.958000,1.550304
5591.958000,1.563725
5594.958000,1.563847
5597.958000,1.561971
5600.958000,1.552588
5603.956000,1.544273
5606.957000,1.543597
5609.957000,1.549376
5612.957000,1.554128
5615.957000,1.553527
5618.955000,1.546228
5621.955000,1.549740
5624.955000,1.553540
5627.956000,1.563008
5630.956000,1.566091
5633.954000,1.547833
5636.954000,1.531277
5639.954000,1.555243
5642.954000,1.563630
5645.955000,1.550892
5648.955000,1.533395
5651.953000,1.536852
5654.953000,1.542104
5657.953000,1.539681
5660.953000,1.541982
5663.953000,1.534554
5666.952000,1.537689
5669.952000,1.526256
5672.952000,1.550603
5675.952000,1.554761
5678.952000,1.528779
5681.950000,1.527351
5684.951000,1.540796
5687.951000,1.555917
5690.951000,1.529200
5693.951000,1.515120
5696.949000,1.518662
5699.949000,1.554676
5702.949000,1.556967
5705.950000,1.547850
5708.950000,1.528170
5711.950000,1.512686
5714.948000,1.530693
5717.948000,1.547384
5720.948000,1.519213
5723.949000,1.507444
5726.949000,1.521123
5729.947000,1.542975
5732.947000,1.528806
5735.947000,1.504636
5738.947000,1.499948
5741.947000,1.527157
5744.946000,1.526413
5747.946000,1.501600
5750.946000,1.507399
5753.946000,1.521918
5756.946000,1.527728
5759.946000,1.512726
5762.945000,1.493788
5765.946000,1.522337
5768.944000,1.516826
5771.944000,1.497691
5774.944000,1.492544
5777.944000,1.508895
5780.944000,1.512794
5783.945000,1.512624
5786.943000,1.503663
5789.943000,1.485949
5792.943000,1.482158
5795.943000,1.480523
5798.943000,1.485786
5801.942000,1.509075
5804.942000,1.492727
5807.942000,1.478524
5810.942000,1.481924
5813.942000,1.471736
5816.940000,1.500553
5819.940000,1.477199
5822.941000,1.469172
5825.941000,1.488400
5828.941000,1.495780
5831.939000,1.479337
5834.939000,1.464046
5837.939000,1.476872
5840.940000,1.481587
5843.940000,1.471705
5846.940000,1.462350
5849.938000,1.451726
5852.938000,1.458015
5855.938000,1.463166
5858.938000,1.459256
5861.939000,1.450254
5864.937000,1.466035
5867.937000,1.482723
5870.937000,1.457305
5873.937000,1.452043
5876.937000,1.472497
5879.936000,1.480680
5882.936000,1.463693
5885.936000,1.444900
5888.936000,1.458131
5891.936000,1.480720
5894.936000,1.458196
5897.934000,1.437197
5900.935000,1.440393
5903.935000,1.441341
5906.935000,1.443449
5909.935000,1.441399
5912.933000,1.439567
5915.933000,1.447633
5918.934000,1.470321
5921.934000,1.474146
5924.934000,1.475203
5927.932000,1.475835
5930.932000,1.471470
5933.932000,1.454592
5936.932000,1.434342
5939.933000,1.435630
5942.931000,1.474159
5945.931000,1.468047
5948.931000,1.454293
5951.931000,1.448619
5954.931000,1.447362
5957.932000,1.437527
5960.930000,1.445471
5963.930000,1.465334
5966.930000,1.472127
5969.929000,1.459909
5972.929000,1.439502
5975.930000,1.444186
5978.930000,1.473126
5981.930000,1.472242
5984.928000,1.460324
5987.928000,1.444615
5990.928000,1.440651
5993.928000,1.454922
5996.929000,1.477270
5999.927000,1.476940
6002.927000,1.462068
6005.927000,1.455796
6008.926000,1.451563
6011.926000,1.451522
6014.927000,1.443642
6017.927000,1.465317
6020.926000,1.482158
6023.926000,1.479238
6026.926000,1.472990
6029.926000,1.475363
6032.924000,1.481852
6035.925000,1.482155
6038.925000,1.482689
6041.925000,1.461881
6044.925000,1.450418
6047.923000,1.468900
6050.923000,1.487196
6053.924000,1.487781
6056.924000,1.467966
6059.924000,1.450785
6062.922000,1.455527
6065.922000,1.472164
6068.922000,1.489831
6071.922000,1.474360
6074.922000,1.460177
6077.922000,1.485102
6080.922000,1.494546
6083.922000,1.484905
6086.920000,1.470379
6089.920000,1.479010
6092.921000,1.493567
6095.921000,1.474064
6098.921000,1.486666
6101.921000,1.498935
6104.919000,1.492353
6107.919000,1.492585
6110.919000,1.500713
6113.920000,1.505180
6116.920000,1.487934
6119.918000,1.477498
6122.918000,1.469958
6125.918000,1.473969
6128.918000,1.493948
6131.919000,1.507461
6134.917000,1.498547
6137.917000,1.490011
6140.917000,1.482308
6143.917000,1.505788
6146.917000,1.517635
6149.917000,1.503119
6152.916000,1.502168
6155.916000,1.496249
6158.916000,1.501790
6161.916000,1.517564
6164.916000,1.514096
6167.914000,1.500152
6170.915000,1.488526
6173.915000,1.482600
6176.915000,1.486194
6179.915000,1.497636
6182.913000,1.520589
6185.913000,1.521052
6188.913000,1.495610
6191.914000,1.505452
6194.914000,1.531865
6197.912000,1.530346
6200.912000,1.530713
6203.912000,1.530438
6206.912000,1.523846
6209.913000,1.527113
6212.913000,1.527565
6215.911000,1.498207
6218.911000,1.520294
6221.911000,1.527936
6224.911000,1.504782
6227.911000,1.514528
6230.910000,1.531587
6233.910000,1.535265
6236.910000,1.521874
6239.910000,1.512295
6242.910000,1.501515
6245.908000,1.529730
6248.909000,1.533922
6251.909000,1.516697
6254.909000,1.505944
6257.909000,1.519736
6260.909000,1.526249
6263.907000,1.547476
6266.907000,1.518964
6269.907000,1.502742
6272.907000,1.517700
6275.907000,1.534520
6278.907000,1.543090
6281.907000,1.532039
6284.906000,1.523506
6287.907000,1.522955
6290.907000,1.522955
6293.905000,1.522966
6296.905000,1.524359
6299.905000,1.532814
6302.905000,1.529533
6305.905000,1.536502
6308.904000,1.541802
6311.904000,1.538753
6314.904000,1.531287
6317.904000,1.527011
6320.904000,1.532039
6323.904000,1.528704
6326.903000,1.518441
6329.903000,1.511404
6332.903000,1.522952
6335.903000,1.533704
6338.903000,1.547941
6341.901000,1.551307
6344.902000,1.525756
6347.902000,1.508946
6350.902000,1.521262
6353.902000,1.524669
6356.900000,1.542373
6359.900000,1.532317
6362.900000,1.506403
6365.901000,1.535214
6368.901000,1.527888
6371.901000,1.510306
6374.899000,1.538494
6377.899000,1.533752
6380.899000,1.512186
6383.900000,1.518509
6386.900000,1.542883
6389.898000,1.536767
6392.898000,1.531114
6395.898000,1.524370
6398.898000,1.515456
6401.898000,1.515466
6404.897000,1.537301
6407.897000,1.509782
6410.897000,1.512624
6413.897000,1.535958
6416.897000,1.524189
6419.895000,1.517938
6422.896000,1.499958
6425.896000,1.522592
6428.896000,1.523244
6431.896000,1.497670
6434.896000,1.522255
6437.894000,1.531845
6440.894000,1.511870
6443.895000,1.492840
6446.895000,1.504034
6449.895000,1.531811
6452.893000,1.510401
6455.893000,1.505717
6458.893000,1.530074
6461.894000,1.517316
6464.894000,1.497028
6467.892000,1.516214
6470.892000,1.533344
6473.892000,1.533283
6476.892000,1.523618
6479.892000,1.497082
6482.893000,1.500852
6485.891000,1.504965
6488.891000,1.507886
6491.891000,1.502239
6494.891000,1.497555
6497.891000,1.489542
6500.890000,1.522969
6503.890000,1.518342
6506.890000,1.492785
6509.890000,1.518104
6512.890000,1.523992
6515.890000,1.517771
6518.888000,1.494012
6521.889000,1.482284
6524.889000,1.497922
6527.889000,1.522911
6530.889000,1.516588
6533.887000,1.495182
6536.887000,1.486486
6539.888000,1.505091
6542.888000,1.519858
6545.888000,1.495600
6548.886000,1.495777
6551.886000,1.510602
6554.886000,1.491663
6557.886000,1.481914
6560.887000,1.490518
6563.885000,1.490980
6566.885000,1.482165
6569.885000,1.477154
6572.885000,1.484582
6575.885000,1.503439
6578.886000,1.506645
6581.884000,1.495957
6584.884000,1.476750
6587.884000,1.491572
6590.884000,1.499377
6593.884000,1.475665
6596.882000,1.472514
6599.883000,1.502834
6602.883000,1.502545
6605.883000,1.489542
6608.883000,1.473748
6611.881000,1.498180
6614.881000,1.496800
6617.882000,1.478263
6620.882000,1.473874
6623.882000,1.500169
6626.882000,1.494107
6629.880000,1.483756
6632.881000,1.472885
6635.879000,1.482536
6638.880000,1.500492
6641.880000,1.500855
6644.880000,1.495206
6647.880000,1.482743
6650.880000,1.468877
6653.878000,1.492840
6656.879000,1.487679
6659.879000,1.463223
6662.879000,1.461683
6665.879000,1.474557
6668.877000,1.494597
6671.877000,1.497973
6674.877000,1.491514
6677.878000,1.487598
6680.878000,1.482158
6683.876000,1.482111
6686.876000,1.473017
6689.876000,1.462581
6692.875000,1.468146
6695.876000,1.461731
6698.876000,1.486139
6701.876000,1.501008
6704.876000,1.484205
6707.874000,1.470797
6710.874000,1.497589
6713.874000,1.472460
6716.875000,1.485799
6719.875000,1.493842
6722.874000,1.469886
6725.874000,1.468584
6728.874000,1.479867
6731.872000,1.499540
6734.873000,1.491402
6737.873000,1.469601
6740.873000,1.480499
6743.873000,1.497609
6746.871000,1.497908
6749.871000,1.491884
6752.872000,1.483168
6755.872000,1.472932
6758.872000,1.467272
6761.872000,1.500346
6764.870000,1.490997
6767.870000,1.477991
6770.870000,1.491582
6773.871000,1.499281
6776.871000,1.492585
6779.869000,1.488750
6782.869000,1.487224
6785.869000,1.491211
6788.869000,1.495467
6791.870000,1.508552
6794.868000,1.512121
6797.868000,1.484174
6800.868000,1.472225
6803.868000,1.498115
6806.868000,1.503538
6809.866000,1.484531
6812.867000,1.490045
6815.867000,1.514045
6818.867000,1.505159
6821.867000,1.497854
6824.867000,1.498870
6827.865000,1.515602
6830.866000,1.497684
6833.866000,1.491673
6836.866000,1.521871
6839.866000,1.507716
6842.864000,1.488726
6845.864000,1.506781
6848.864000,1.522530
6851.865000,1.515912
6854.865000,1.513042
6857.863000,1.523156
6860.863000,1.497058
6863.863000,1.514579
6866.863000,1.520939
6869.864000,1.496542
6872.864000,1.492585
6875.862000,1.523384
6878.862000,1.526651
6881.862000,1.503330
6884.862000,1.510680
6887.862000,1.526895
6890.861000,1.541207
6893.861000,1.521211
6896.861000,1.513535
6899.861000,1.535625
6902.861000,1.503085
6905.859000,1.531230
6908.860000,1.544083
6911.860000,1.539558
6914.860000,1.527293
6917.860000,1.527528
6920.858000,1.546078
6923.858000,1.545416
6926.858000,1.545249
6929.859000,1.551110
6932.859000,1.552337
6935.859000,1.534405
6938.857000,1.515249
6941.857000,1.549808
6944.857000,1.542189
6947.858000,1.539830
6950.858000,1.537668
6953.856000,1.541452
6956.856000,1.553041
6959.856000,1.544056
6962.856000,1.527966
6965.856000,1.517601
6968.857000,1.530349
6971.855000,1.559452
6974.855000,1.554784
6977.855000,1.544365
6980.855000,1.532773
6983.855000,1.526079
6986.854000,1.527096
6989.854000,1.524607
6992.854000,1.547081
6995.854000,1.563372
6998.854000,1.553724
7001.852000,1.528622
7004.852000,1.523034
7007.853000,1.531209
7010.853000,1.557225
7013.853000,1.562063
7016.851000,1.542764
7019.851000,1.528748
7022.851000,1.527915
7025.852000,1.558670
7028.852000,1.546612
7031.850000,1.521351
7034.850000,1.536982
7037.850000,1.560737
7040.850000,1.538321
7043.850000,1.522490
7046.851000,1.558694
7049.849000,1.562613
7052.849000,1.563232
7055.849000,1.538331
7058.849000,1.521286
7061.849000,1.532379
7064.848000,1.549913
7067.848000,1.554934
7070.848000,1.541122
7073.848000,1.529153
7076.848000,1.521361
7079.848000,1.535054
7082.846000,1.552126
7085.847000,1.538270
7088.847000,1.521660
7091.847000,1.551582
7094.847000,1.540140
7097.845000,1.517683
7100.845000,1.535992
7103.846000,1.559887
7106.846000,1.535771
7109.846000,1.519828
7112.844000,1.532498
7115.844000,1.552316
7118.844000,1.544144
7121.845000,1.520912
7124.845000,1.523462
7127.845000,1.543852
7130.843000,1.551402
7133.843000,1.518529
7136.843000,1.521711
7139.843000,1.522938
7142.844000,1.526042
7145.842000,1.543372
7148.842000,1.552051
7151.842000,1.540367
7154.842000,1.527341
7157.842000,1.520018
7160.841000,1.522955
7163.841000,1.522843
7166.842000,1.515500
7169.840000,1.510292
7172.840000,1.527239
7175.840000,1.547863
7178.840000,1.522666
7181.841000,1.522585
7184.839000,1.550413
7187.839000,1.544341
7190.839000,1.515191
7193.839000,1.540194
7196.839000,1.540153
7199.838000,1.514392
7202.838000,1.538600
7205.839000,1.544287
